city,station_ids,station_names
Palwal ,['site_5050'],"['Shyam Nagar, Palwal - HSPCB']"
Pithampur,['site_1402'],"['Sector-2 Industrial Area, Pithampur - MPPCB']"
Aurangabad,"['site_5544', 'site_5788', 'site_198', 'site_5789']","['Gurdeo Nagar, Aurangabad - BSPCB', 'MIDC Chilkalthana, Aurangabad - MPCB', 'More Chowk Waluj, Aurangabad - MPCB', 'Rachnakar Colony, Aurangabad - MPCB']"
Delhi,"['site_5024', 'site_301', 'site_1420', 'site_108', 'site_1560', 'site_104', 'site_103', 'site_5393', 'site_118', 'site_1421', 'site_1422', 'site_106', 'site_114', 'site_117', 'site_1423', 'site_1424', 'site_5395', 'site_109', 'site_1425', 'site_122', 'site_1561', 'site_115', 'site_1427', 'site_1426', 'site_1429', 'site_5852', 'site_105', 'site_1428', 'site_1431', 'site_125', 'site_1563', 'site_107', 'site_124', 'site_1430', 'site_113', 'site_119', 'site_1432', 'site_1562', 'site_1435', 'site_1434']","['Alipur, Delhi - DPCC', 'Anand Vihar, Delhi - DPCC', 'Ashok Vihar, Delhi - DPCC', 'Aya Nagar, Delhi - IMD', 'Bawana, Delhi - DPCC', 'Burari Crossing, Delhi - IMD', 'CRRI Mathura Road, Delhi - IMD', 'Chandni Chowk, Delhi - IITM', 'DTU, Delhi - CPCB', 'Dr. Karni Singh Shooting Range, Delhi - DPCC', 'Dwarka-Sector 8, Delhi - DPCC ', 'IGI Airport (T3), Delhi - IMD', 'IHBAS, Dilshad Garden, Delhi - CPCB', 'ITO, Delhi - CPCB', 'Jahangirpuri, Delhi - DPCC', 'Jawaharlal Nehru Stadium, Delhi - DPCC', 'Lodhi Road, Delhi - IITM', 'Lodhi Road, Delhi - IMD', 'Major Dhyan Chand National Stadium, Delhi - DPCC', 'Mandir Marg, Delhi - DPCC', 'Mundka, Delhi - DPCC', 'NSIT Dwarka, Delhi - CPCB', 'Najafgarh, Delhi - DPCC', 'Narela, Delhi - DPCC', 'Nehru Nagar, Delhi - DPCC', 'New Moti Bagh, Delhi - MHUA', 'North Campus, DU, Delhi - IMD', 'Okhla Phase-2, Delhi - DPCC', 'Patparganj, Delhi - DPCC', 'Punjabi Bagh, Delhi - DPCC', 'Pusa, Delhi - DPCC', 'Pusa, Delhi - IMD', 'R K Puram, Delhi - DPCC', 'Rohini, Delhi - DPCC', 'Shadipur, Delhi - CPCB', 'Sirifort, Delhi - CPCB', 'Sonia Vihar, Delhi - DPCC', 'Sri Aurobindo Marg, Delhi - DPCC', 'Vivek Vihar, Delhi - DPCC', 'Wazirpur, Delhi - DPCC']"
Hyderabad,"['site_199', 'site_262', 'site_5596', 'site_251', 'site_275', 'site_5597', 'site_5604', 'site_5599', 'site_5600', 'site_5595', 'site_5602', 'site_294', 'site_5598', 'site_298']","['Bollaram Industrial Area, Hyderabad - TSPCB', 'Central University, Hyderabad - TSPCB', 'ECIL Kapra, Hyderabad - TSPCB', 'ICRISAT Patancheru, Hyderabad - TSPCB', 'IDA Pashamylaram, Hyderabad - TSPCB', 'IITH Kandi, Hyderabad - TSPCB', 'Kokapet, Hyderabad - TSPCB', 'Kompally Municipal Office, Hyderabad - TSPCB', 'Nacharam_TSIIC IALA, Hyderabad - TSPCB', 'New Malakpet, Hyderabad - TSPCB', 'Ramachandrapuram, Hyderabad - TSPCB', 'Sanathnagar, Hyderabad - TSPCB', 'Somajiguda, Hyderabad - TSPCB', 'Zoo Park, Hyderabad - TSPCB']"
Solapur,"['site_5777', 'site_5776', 'site_302']","['Dnyaneshwar Nagar, Solapur - MPCB', 'Ratandeep Housing Society, Solapur - MPCB', 'Solapur, Solapur - MPCB']"
Bengaluru,"['site_162', 'site_164', 'site_1553', 'site_165', 'site_1554', 'site_1555', 'site_1556', 'site_5729', 'site_5681', 'site_163', 'site_5678', 'site_166', 'site_5686', 'site_1558']","['BTM Layout, Bengaluru - CPCB', 'BWSSB Kadabesanahalli, Bengaluru - CPCB', 'Bapuji Nagar, Bengaluru - KSPCB', 'City Railway Station, Bengaluru - KSPCB', 'Hebbal, Bengaluru - KSPCB', 'Hombegowda Nagar, Bengaluru - KSPCB', 'Jayanagar 5th Block, Bengaluru - KSPCB', 'Jigani, Bengaluru - KSPCB', 'Kasturi Nagar, Bengaluru - KSPCB', 'Peenya, Bengaluru - CPCB', 'RVCE-Mailasandra, Bengaluru - KSPCB', 'Sanegurava Halli, Bengaluru - KSPCB', 'Shivapura_Peenya, Bengaluru - KSPCB', 'Silk Board, Bengaluru - KSPCB']"
Mumbai,"['site_5392', 'site_5810', 'site_168', 'site_5400', 'site_5113', 'site_5960', 'site_5399', 'site_5811', 'site_5107', 'site_5120', 'site_5396', 'site_5964', 'site_5412', 'site_5962', 'site_5814', 'site_5397', 'site_5104', 'site_5402', 'site_5394', 'site_5807', 'site_5413', 'site_5398', 'site_5112', 'site_5963', 'site_5961', 'site_5403', 'site_5119', 'site_5102', 'site_5106', 'site_5115']","['Bandra Kurla Complex, Mumbai - IITM', 'Bandra Kurla Complex, Mumbai - MPCB', 'Bandra, Mumbai - MPCB', 'Borivali East, Mumbai - IITM', 'Borivali East, Mumbai - MPCB', 'Byculla, Mumbai - BMC', 'Chakala-Andheri East, Mumbai - IITM', 'Chembur, Mumbai - MPCB', 'Chhatrapati Shivaji Intl. Airport (T2), Mumbai - MPCB', 'Colaba, Mumbai - MPCB', 'Deonar, Mumbai - IITM', 'Ghatkopar, Mumbai - BMC', 'Kandivali East, Mumbai - MPCB', 'Kandivali West, Mumbai - BMC', 'Kherwadi_Bandra East, Mumbai - MPCB', 'Khindipada-Bhandup West, Mumbai - IITM', 'Kurla, Mumbai - MPCB', 'Malad West, Mumbai - IITM', 'Mazgaon, Mumbai - IITM', 'Mindspace-Malad West, Mumbai - MPCB', 'Mulund West, Mumbai - MPCB', 'Navy Nagar-Colaba, Mumbai - IITM', 'Powai, Mumbai - MPCB', 'Sewri, Mumbai - BMC', 'Shivaji Nagar, Mumbai - BMC', 'Siddharth Nagar-Worli, Mumbai - IITM', 'Sion, Mumbai - MPCB', 'Vasai West, Mumbai - MPCB', 'Vile Parle West, Mumbai - MPCB', 'Worli, Mumbai - MPCB']"
Sasaram,['site_5485'],"['Dada Peer, Sasaram - BSPCB']"
Motihari,['site_5478'],"['Gandak Colony, Motihari - BSPCB']"
Gaya,"['site_159', 'site_5548', 'site_5338']","['Collectorate, Gaya - BSPCB', 'Kareemganj, Gaya - BSPCB', 'SFTI Kusdihra, Gaya - BSPCB']"
Bhagalpur,"['site_5543', 'site_5541']","['DM Office_Kachari Chowk, Bhagalpur - BSPCB', 'Mayaganj, Bhagalpur - BSPCB']"
Baddi,['site_5586'],"['HIMUDA Complex Phase-1, Baddi - HPPCB']"
Moradabad,"['site_5554', 'site_5556', 'site_5537', 'site_5555', 'site_5620', 'site_1398', 'site_5613']","['Buddhi Vihar, Moradabad - UPPCB', 'Eco Herbal Park, Moradabad - UPPCB', 'Employment Office, Moradabad - UPPCB', 'Jigar Colony, Moradabad - UPPCB', 'Kashiram Nagar, Moradabad - UPPCB', 'Lajpat Nagar, Moradabad - UPPCB', 'Transport Nagar, Moradabad - UPPCB']"
Ariyalur,['site_5606'],"['Keelapalur, Ariyalur - TNPCB']"
Bhilai,"['site_5660', 'site_5536', 'site_5659']","['32Bungalows, Bhilai - CECB', 'Civic Center, Bhilai - Bhilai Steel Plant', 'Hathkhoj, Bhilai - CECB']"
Kalaburagi,"['site_1565', 'site_5679']","['Lal Bahadur Shastri Nagar, Kalaburagi - KSPCB', 'Mahatma Basaveswar Colony, Kalaburgi - KSPCB']"
Faridabad,"['site_5340', 'site_5342', 'site_5341', 'site_263']","['New Industrial Town, Faridabad - HSPCB', 'Sector 11, Faridabad - HSPCB', 'Sector 30, Faridabad - HSPCB', 'Sector- 16A, Faridabad - HSPCB']"
Prayagraj,"['site_5461', 'site_5459', 'site_5484']","['Jhunsi, Prayagraj - UPPCB', 'Motilal Nehru NIT, Prayagraj - UPPCB', 'Nagar Nigam, Prayagraj - UPPCB']"
Ahmedabad,"['site_5453', 'site_5450', 'site_308', 'site_5452', 'site_5451', 'site_5454', 'site_5455', 'site_5456', 'site_5449']","['Chandkheda, Ahmedabad - IITM', 'Gyaspur, Ahmedabad - IITM', 'Maninagar, Ahmedabad - GPCB', 'Raikhad, Ahmedabad - IITM', 'Rakhial, Ahmedabad - IITM', 'SAC ISRO Bopal, Ahmedabad - IITM', 'SAC ISRO Satellite, Ahmedabad - IITM', 'SVPI Airport Hansol, Ahmedabad - IITM', 'Sardar Vallabhbhai Patel Stadium, Ahmedabad - IITM']"
Madikeri,['site_5391'],"['Stuart Hill, Madikeri - KSPCB']"
Pune,"['site_5405', 'site_5406', 'site_5407', 'site_292', 'site_5766', 'site_5410', 'site_5404', 'site_5409', 'site_5767', 'site_5408']","['Alandi, Pune - IITM', 'Bhosari, Pune - IITM', 'Hadapsar, Pune - IITM', 'Karve Road, Pune - MPCB', 'Katraj Dairy, Pune - MPCB', 'MIT-Kothrud, Pune - IITM', 'Mhada Colony, Pune - IITM', 'Revenue Colony-Shivajinagar, Pune - IITM', 'Savitribai Phule Pune University, Pune - MPCB', 'Transport Nagar-Nigdi, Pune - IITM']"
Chennai,"['site_293', 'site_5361', 'site_5618', 'site_5365', 'site_5092', 'site_306', 'site_5363', 'site_5364', 'site_288']","['Alandur Bus Depot, Chennai - CPCB', 'Arumbakkam, Chennai - TNPCB', 'Gandhi Nagar_Ennore, Chennai - TNPCB', 'Kodungaiyur, Chennai - TNPCB', 'Manali Village, Chennai - TNPCB', 'Manali, Chennai - CPCB', 'Perungudi, Chennai - TNPCB', 'Royapuram, Chennai - TNPCB', 'Velachery Res. Area, Chennai - CPCB']"
Kanpur,"['site_5500', 'site_5416', 'site_5474', 'site_276']","['FTI Kidwai Nagar, Kanpur - UPPCB', 'IITK, Kanpur - IITK', 'NSI Kalyanpur, Kanpur - UPPCB', 'Nehru Nagar, Kanpur - UPPCB']"
Firozabad,"['site_5480', 'site_5584']","['Nagla Bhau, Firozabad - UPPCB', 'Vibhab Nagar, Firozabad - UPPCB']"
Kota,"['site_5707', 'site_5701', 'site_1394']","['Dhanmandi, Kota - RSPCB', 'Nayapura, Kota - RSPCB', 'Shrinath Puram, Kota - RSPCB']"
Kollam,['site_5334'],"['Polayathode, Kollam - Kerala PCB']"
Kozhikode,['site_5271'],"['Palayam, Kozhikode - Kerala PCB']"
Sagar,"['site_5662', 'site_5269']","['Civil Lines, Sagar - MPPCB', 'Deen Dayal Nagar, Sagar - MPPCB']"
Mandikhera,['site_5055'],"['General Hospital, Mandikhera - HSPCB']"
Kalyan,['site_5118'],"['Khadakpada, Kalyan - MPCB']"
Mysuru,['site_5125'],"['Hebbal 1st Stage, Mysuru - KSPCB']"
Vatva,['site_5067'],"['Phase-4 GIDC, Vatva - GPCB']"
Panipat,['site_5048'],"['Sector-18, Panipat - HSPCB']"
Kurukshetra ,['site_5043'],"['Sector-7, Kurukshetra - HSPCB']"
Guwahati,"['site_5651', 'site_5683', 'site_5417', 'site_5073']","['IITG, Guwahati - PCBA', 'LGBI Airport, Guwahati - PCBA', 'Pan Bazaar, Guwahati - PCBA', 'Railway Colony, Guwahati - PCBA']"
Puducherry,['site_5423'],"['Jawahar Nagar, Puducherry - PPCC']"
Korba,"['site_5656', 'site_5657']","['Rampur, Korba - CECB', 'Urja Nagar, Korba - CECB']"
Amritsar,['site_256'],"['Golden Temple, Amritsar - PPCB']"
Jalandhar,['site_1438'],"['Civil Line, Jalandhar - PPCB']"
Bagalkot,['site_5264'],"['Vidayagiri, Bagalkot - KSPCB']"
Kannur,['site_5276'],"['Thavakkara, Kannur - Kerala PCB']"
Aizawl,['site_5346'],"['Sikulpuikawn, Aizawl - Mizoram PCB']"
Ramanathapuram,['site_5625'],"['Chalai Bazaar, Ramanathapuram - TNPCB']"
Durgapur,"['site_5983', 'site_299']","['PCBL Residential Complex, Durgapur - WBPCB', 'Sidhu Kanhu Indoor Stadium, Durgapur - WBPCB']"
Anantapur,['site_5632'],"['Gulzarpet, Anantapur - APPCB']"
Bareilly,"['site_5628', 'site_5601']","['Civil Lines, Bareilly - UPPCB', 'Rajendra Nagar, Bareilly - UPPCB']"
Nalbari,['site_5668'],"['Bata Chowk, Nalbari - PCBA']"
Baripada,['site_5670'],"['Meher Colony, Baripada - OSPCB']"
Rourkela,"['site_5687', 'site_5675', 'site_5688']","['Fertilizer Township, Rourkela - OSPCB', 'Raghunathpali, Rourkela - OSPCB', 'Sector-2, Rourkela - OSPCB']"
Jodhpur,"['site_136', 'site_5726', 'site_5720', 'site_5773', 'site_5694']","['Collectorate, Jodhpur - RSPCB', 'Digari Kalan, Jodhpur - RSPCB', 'Jhalamand, Jodhpur - RSPCB', 'Mandor, Jodhpur - RSPCB', 'Samrat Ashok Udhyan, Jodhpur - RSPCB']"
Satna,['site_1433'],"['Bandhavgar Colony, Satna - Birla Cement']"
Kolkata,"['site_5238', 'site_5129', 'site_5110', 'site_5111', 'site_296', 'site_5126', 'site_309']","['Ballygunge, Kolkata - WBPCB', 'Bidhannagar, Kolkata - WBPCB', 'Fort William, Kolkata - WBPCB', 'Jadavpur, Kolkata - WBPCB', 'Rabindra Bharati University, Kolkata - WBPCB', 'Rabindra Sarobar, Kolkata - WBPCB', 'Victoria, Kolkata - WBPCB']"
Charkhi Dadri,['site_5339'],"['Mini Secretariat, Charkhi Dadri - HSPCB']"
Tumakuru,['site_5682'],"['Thimmalapura, Tumakuru - KSPCB']"
Churu,['site_5699'],"['Subash Chowk, Churu - RSPCB']"
Tonk,['site_5702'],"['Shastri Nagar, Tonk - RSPCB']"
Barmer,['site_5714'],"['Railway Colony, Barmer - RSPCB']"
Sri Ganganagar,['site_5719'],"['Old City, Sri Ganganagar - RSPCB']"
Pratapgarh,['site_5721'],"['Pragati Nagar, Pratapgarh - RSPCB']"
Kolhapur,"['site_5768', 'site_5769']","['Shivaji University, Kolhapur - MPCB', 'Sinchan Bhavan, Kolhapur - MPCB']"
Bundi,['site_5771'],"['New Colony, Bundi - RSPCB']"
Pimpri-Chinchwad,"['site_5763', 'site_5764', 'site_5765']","['Gavalinagar, Pimpri Chinchwad - MPCB', 'Park Street Wakad, Pimpri Chinchwad - MPCB', 'Thergaon, Pimpri Chinchwad - MPCB']"
Siliguri,['site_1419'],"['Ward-32 Bapupara, Siliguri - WBPCB']"
Howrah,"['site_5101', 'site_274', 'site_1416']","['Belur Math, Howrah - WBPCB', 'Ghusuri, Howrah - WBPCB', 'Padmapukur, Howrah - WBPCB']"
Mahad,['site_5783'],"['Kamble Tarf Birwadi, Mahad - MPCB']"
Jalgaon,['site_5790'],"['Prabhat Colony, Jalgaon - MPCB']"
Nanded,['site_5795'],"['Sneh Nagar, Nanded - MPCB']"
Navi Mumbai,"['site_261', 'site_5805', 'site_5114', 'site_5103', 'site_5815', 'site_5401', 'site_5799', 'site_5803']","['Airoli, Navi Mumbai - MPCB', 'Kopripada-Vashi, Navi Mumbai - MPCB', 'Mahape, Navi Mumbai - MPCB', 'Nerul, Navi Mumbai - MPCB', 'Sanpada, Navi Mumbai - MPCB', 'Sector-19A Nerul, Navi Mumbai - IITM', 'Sector-2E Kalamboli, Navi Mumbai - MPCB', 'Tondare-Taloja, Navi Mumbai - MPCB']"
Virar,['site_5808'],"['Bolinj, Virar - MPCB']"
Dhanbad,"['site_5827', 'site_5710']","['Kalakusuma, Dhanbad - DMC', 'Sardar Patel Nagar, Dhanbad - JSPCB']"
Manguraha,['site_5550'],"['Forest Rest House, Manguraha - BSPCB']"
Agartala,"['site_5587', 'site_5377']","['Bardowali, Agartala - Tripura SPCB', 'Kunjaban, Agartala - Tripura SPCB']"
Shillong,"['site_5593', 'site_5131']","['JN Stadium, Shillong - Meghalaya PCB', 'Lumpyngngad, Shillong - Meghalaya PCB']"
Karwar,['site_5853'],"['KHB Colony, Karwar - KSPCB']"
Rajamahendravaram,['site_1399'],"['Anand Kala Kshetram, Rajamahendravaram - APPCB']"
Byasanagar,['site_5942'],"['Ferro Chrome Colony, Byasanagar - OSPCB']"
Barrackpore,['site_5959'],"['SVSPA Campus, Barrackpore - WBPCB']"
Agra,"['site_5464', 'site_5482', 'site_307', 'site_5465', 'site_5501', 'site_5463']","['Manoharpur, Agra - UPPCB', 'Rohta, Agra - UPPCB', 'Sanjay Palace, Agra - UPPCB', 'Sector-3B Avas Vikas Colony, Agra - UPPCB', 'Shahjahan Garden, Agra - UPPCB', 'Shastripuram, Agra - UPPCB']"
Greater Noida,"['site_1541', 'site_5121']","['Knowledge Park - III, Greater Noida - UPPCB', 'Knowledge Park - V, Greater Noida - UPPCB']"
Ghaziabad,"['site_5082', 'site_5083', 'site_5081', 'site_144']","['Indirapuram, Ghaziabad - UPPCB', 'Loni, Ghaziabad - UPPCB', 'Sanjay Nagar, Ghaziabad - UPPCB', 'Vasundhara, Ghaziabad - UPPCB']"
Meerut,"['site_5258', 'site_5109', 'site_5257']","['Ganga Nagar, Meerut - UPPCB', 'Jai Bhim Nagar, Meerut - UPPCB', 'Pallavpuram Phase 2, Meerut - UPPCB']"
Dharuhera,['site_5044'],"['Municipal Corporation Office, Dharuhera -  HSPCB']"
Gurugram,"['site_5025', 'site_5345', 'site_5344', 'site_146']","['NISE Gwal Pahari, Gurugram - IMD', 'Sector-51, Gurugram - HSPCB', 'Teri Gram, Gurugram - HSPCB', 'Vikas Sadan, Gurugram - HSPCB']"
Nagpur,"['site_5792', 'site_5796', 'site_303', 'site_5793']","['Ambazari, Nagpur - MPCB', 'Mahal, Nagpur - MPCB', 'Opp GPO Civil Lines, Nagpur - MPCB', 'Ram Nagar, Nagpur - MPCB']"
Muzaffarpur,"['site_5370', 'site_5479', 'site_158']","['Buddha Colony, Muzaffarpur - BSPCB', 'MIT-Daudpur Kothi, Muzaffarpur - BSPCB', 'Muzaffarpur Collectorate, Muzaffarpur - BSPCB']"
Bihar Sharif,['site_5481'],"['D M Colony, Bihar Sharif - BSPCB']"
Purnia,['site_5549'],"['Mariam Nagar, Purnia - BSPCB']"
Saharsa,['site_5551'],"['Police Line, Saharsa - BSPCB']"
Chandigarh,"['site_5491', 'site_5127', 'site_5582']","['Sector 22, Chandigarh - CPCC', 'Sector-25, Chandigarh - CPCC', 'Sector-53, Chandigarh - CPCC']"
Jind,['site_5056'],"['Police Lines, Jind - HSPCB']"
Lucknow,"['site_5460', 'site_5128', 'site_272', 'site_5462', 'site_277', 'site_1405', 'site_297']","['B R Ambedkar University, Lucknow - UPPCB', 'Gomti Nagar, Lucknow - UPPCB', 'Kendriya Vidyalaya, Lucknow - CPCB', 'Kukrail Picnic Spot-1, Lucknow - UPPCB', 'Lalbagh, Lucknow - CPCB', 'Nishant Ganj, Lucknow - UPPCB', 'Talkatora District Industries Center, Lucknow - CPCB']"
Hassan,['site_5448'],"['B.Katihalli, Hassan - KSPCB']"
Srinagar,['site_5424'],"['Rajbagh, Srinagar - JKSPCB']"
Dehradun,['site_5594'],"['Doon University, Dehradun - UKPCB']"
Karnal,['site_5049'],"['Sector-12, Karnal - HSPCB']"
Brajrajnagar,['site_1410'],"['GM Office, Brajrajnagar - OSPCB']"
Chikkamagaluru,['site_5265'],"['Kalyana Nagara, Chikkamagaluru - KSPCB']"
Pali,['site_1395'],"['Indira Colony Vistar, Pali - RSPCB']"
Alwar,['site_1390'],"['Moti Doongri, Alwar - RSPCB']"
Vijayawada,"['site_5848', 'site_5685', 'site_257', 'site_5849', 'site_5981']","['HB Colony, Vijayawada - APPCB', 'Kanuru, Vijayawada - APPCB', 'PWD Grounds, Vijayawada - APPCB', 'Rajiv Gandhi Park, Vijayawada - APPCB', 'Rajiv Nagar, Vijayawada - APPCB']"
Mandideep,['site_1403'],"['Sector-D Industrial Area, Mandideep - MPPCB']"
Talcher,['site_1408'],"['Talcher Coalfields,Talcher - OSPCB']"
Raipur,"['site_5652', 'site_5655', 'site_5654', 'site_5653']","['AIIMS, Raipur - CECB', 'Bhatagaon New ISBT, Raipur - CECB', 'Krishak Nagar, Raipur - CECB', 'Siltara Phase-II, Raipur - CECB']"
Surat,['site_5664'],"['Science Center, Surat - SMC']"
Kanchipuram,['site_5619'],"['Kilambi, Kanchipuram - TNPCB']"
Tirupur,['site_5607'],"['Kumaran College, Tirupur - TNPCB']"
Dharwad,['site_5638'],"['Kalabhavan, Dharwad - KSPCB']"
Keonjhar,['site_5671'],"['Jagamohanpur, Keonjhar - OSPCB']"
Suakati,['site_5676'],"['OMC Colony, Suakati - OSPCB']"
Chandrapur,"['site_271', 'site_295']","['Chauhan Colony, Chandrapur - MPCB', 'MIDC Khutala, Chandrapur - MPCB']"
Byrnihat,['site_5669'],"['Central Academy for SFS, Byrnihat - PCBA']"
Kunjemura,['site_5690'],"['OP Jindal School, Kunjemura - CECB']"
Bharatpur,['site_5695'],"['Krishna Nagar, Bharatpur - RSPCB']"
Rishikesh,['site_5703'],"['Shivaji Nagar, Rishikesh - UKPCB']"
Bhopal,"['site_5708', 'site_5650', 'site_5247']","['Idgah Hills, Bhopal - MPPCB', 'Paryavaran Parisar, Bhopal - MPPCB', 'T T Nagar, Bhopal - MPPCB']"
Hanumangarh,['site_5715'],"['Housing Board, Hanumangarh - RSPCB']"
Sikar,['site_5722'],"['Radhakishan Pura, Sikar - RSPCB']"
Jaipur,"['site_1393', 'site_5725', 'site_134', 'site_5728', 'site_5727', 'site_1396']","['Adarsh Nagar, Jaipur - RSPCB', 'Mansarovar Sector-12, Jaipur - RSPCB', 'Police Commissionerate, Jaipur - RSPCB', 'RIICO Sitapura, Jaipur - RSPCB', 'Sector-2 Murlipura, Jaipur - RSPCB', 'Shastri Nagar, Jaipur - RSPCB']"
Patna,"['site_5336', 'site_5335', 'site_157', 'site_5261', 'site_5262', 'site_5263']","['DRM Office Danapur, Patna - BSPCB', 'Govt. High School Shikarpur, Patna - BSPCB', 'IGSC Planetarium Complex, Patna - BSPCB', 'Muradpur, Patna - BSPCB', 'Rajbansi Nagar, Patna - BSPCB', 'Samanpura, Patna - BSPCB']"
Jaisalmer,['site_5772'],"['Sadar Bazar, Jaisalmer - RSPCB']"
Akola,['site_5784'],"['Ramdaspeth, Akola - MPCB']"
Jalna,['site_5791'],"['Old MIDC, Jalna - MPCB']"
Belapur,['site_5804'],"['CBD Belapur, Belapur - MPCB']"
Boisar,['site_5809'],"['Khaira, Boisar - MPCB']"
Jabalpur,"['site_5965', 'site_5817', 'site_5249', 'site_5816']","['Govindh Bhavan Colony, Jabalpur - JMC', 'Gupteshwar, Jabalpur - JMC', 'Marhatal, Jabalpur - MPPCB', 'Suhagi, Jabalpur - JMC']"
Cuddalore,"['site_5621', 'site_5611']","['Kudikadu, Cuddalore - TNPCB', 'Semmandalam, Cuddalore - TNPCB']"
Coimbatore,"['site_5623', 'site_5094']","['PSG College of Arts and Science, Coimbatore - TNPCB', 'SIDCO Kurichi, Coimbatore - TNPCB']"
Ernakulam,['site_5272'],"['Kacheripady, Ernakulam - Kerala PCB']"
Sirsa,['site_5051'],"['F-Block, Sirsa - HSPCB']"
Thiruvananthapuram,"['site_5331', 'site_252']","['Kariavattom, Thiruvananthapuram - Kerala PCB', 'Plammoodu, Thiruvananthapuram - Kerala PCB']"
Maihar,['site_5068'],"['Sahilara, Maihar - KJS Cements']"
Palkalaiperur,['site_5626'],"['Bharathidasan University, Palkalaiperur - TNPCB']"
Bhubaneswar,"['site_5940', 'site_5943']","['Lingraj Mandir, Bhubaneswar - OSPCB', 'Patia, Bhubaneswar - OSPCB']"
Bulandshahr,['site_1542'],"['Yamunapuram, Bulandshahr - UPPCB']"
Indore,"['site_5248', 'site_5856', 'site_5855', 'site_5854', 'site_5709']","['Chhoti Gwaltoli, Indore - MPPCB', 'Maguda Nagar, Indore - IMC', 'Regional Park, Indore - IMC', 'Residency Area, Indore - IMC', 'Vijay Nagar Scheme-78, Indore - Glenmark']"
Virudhunagar,['site_5979'],"['Collectorate Office, Virudhunagar - TNPCB']"
Yadgir,['site_5254'],"['Collector Office, Yadgir - KSPCB']"
Gwalior,"['site_5273', 'site_5667', 'site_5661', 'site_5275']","['City Center, Gwalior - MPPCB', 'Deen Dayal Nagar, Gwalior - MPPCB', 'Maharaj Bada, Gwalior - MPPCB', 'Phool Bagh, Gwalior - Mondelez Ind. Food']"
Thoothukudi,['site_5367'],"['Meelavittan, Thoothukudi - TNPCB']"
Gummidipoondi,['site_5362'],"['Anthoni Pillai Nagar, Gummidipoondi - TNPCB']"
Bidar,['site_5418'],"['Naubad, Bidar - KSPCB']"
Haveri,['site_5420'],"['Ashwini Nagar, Haveri - KSPCB']"
Bahadurgarh,['site_5045'],"['Arya Nagar, Bahadurgarh - HSPCB']"
Tirupati,"['site_258', 'site_5666']","['Tirumala, Tirupati - APPCB', 'Vaikuntapuram, Tirupati - APPCB']"
Ambala,['site_5052'],"['Patti Mehar, Ambala - HSPCB']"
Gangtok,['site_5590'],"['Zero Point GICI, Gangtok - SSPCB']"
Arrah,['site_5538'],"['New DM Office, Arrah - BSPCB']"
Chhapra,['site_5545'],"['Darshan Nagar, Chhapra - BSPCB']"
Samastipur,['site_5552'],"['DM Office_Kasipur, Samastipur - BSPCB']"
Jhansi,['site_5583'],"['Shivaji Nagar, Jhansi - UPPCB']"
Vapi,['site_5071'],"['Phase-1 GIDC, Vapi - GPCB']"
Dewas,['site_1404'],"['Bhopal Chauraha, Dewas - MPPCB']"
Hisar,['site_5057'],"['Urban Estate-II, Hisar - HSPCB']"
Damoh,['site_5040'],"['Shrivastav Colony, Damoh - MPPCB']"
Nashik,"['site_304', 'site_5782', 'site_5781', 'site_5779']","['Gangapur Road, Nashik - MPCB', 'Hirawadi, Nashik - MPCB', 'MIDC Ambad, Nashik - MPCB', 'Pandav Nagari, Nashik - MPCB']"
Shivamogga,['site_5266'],"['Vinoba Nagara, Shivamogga - KSPCB']"
Ludhiana,['site_253'],"['Punjab Agricultural University, Ludhiana - PPCB']"
Belgaum,['site_5432'],"['Ramteerth Nagar, Belgaum - KSPCB']"
Hubballi,"['site_1447', 'site_5680']","['Deshpande Nagar, Hubballi - KSPCB', 'Lingaraj Nagar, Hubballi - KSPCB']"
Salem,['site_5622'],"['Sona College of Technology, Salem - TNPCB']"
Vellore,['site_5615'],"['Vasanthapuram, Vellore - TNPCB']"
Chittoor,['site_5665'],"['Gangineni Cheruvu, Chittoor - APPCB']"
Rairangpur,['site_5672'],"['Divisional Forest Office, Rairangpur - OSPCB']"
Visakhapatnam,['site_260'],"['GVM Corporation, Visakhapatnam - APPCB']"
Bhiwadi,"['site_1391', 'site_5982']","['RIICO Ind. Area III, Bhiwadi - RSPCB', 'Vasundhara Nagar_UIT, Bhiwadi - RSPCB']"
Tensa,['site_5677'],"['Barsua Iron Ore Mines, Tensa - OSPCB']"
Silchar,['site_5684'],"['Tarapur, Silchar - PCBA']"
Milupara,['site_5691'],"['Govt. Higher Secondary School, Milupara - CECB']"
Bikaner,['site_5696'],"['MM Ground, Bikaner - RSPCB']"
Kashipur,['site_5704'],"['Govt. Girls Inter College, Kashipur - UKPCB']"
Banswara,['site_5711'],"['Rati Talai, Banswara - RSPCB']"
Sawai Madhopur,['site_5716'],"['Sahu Nagar, Sawai Madhopur - RSPCB']"
Karauli,['site_5723'],"['Satyawati Vihar, Karauli - RSPCB']"
Sivasagar,['site_5658'],"['Girls College, Sivasagar - PCBA']"
Nagaur,['site_5778'],"['Karni Colony, Nagaur - RSPCB']"
Latur,['site_5780'],"['Sawe Wadi, Latur - MPCB']"
Ahmednagar,['site_5785'],"['Tarakpur, Ahmednagar - MPCB']"
Thane,"['site_5797', 'site_305', 'site_5800']","['Kasarvadavali, Thane - MPCB', 'Pimpleshwar Mandir, Thane - MPCB', 'Upvan Fort, Thane - MPCB']"
Ulhasnagar,['site_5812'],"['Sidhi Vinayak Nagar, Ulhasnagar - MPCB']"
Dindigul,['site_5608'],"['Mendonsa Colony, Dindigul - TNPCB']"
Dungarpur,['site_5850'],"['Bhoiwada, Dungarpur - RSPCB']"
Varanasi,"['site_273', 'site_5469', 'site_5468', 'site_5475']","['Ardhali Bazar, Varanasi - UPPCB', 'Bhelupur, Varanasi - UPPCB', 'IESD Banaras Hindu University, Varanasi - UPPCB', 'Maldahiya, Varanasi - UPPCB']"
Chhal,['site_5689'],"['Nawapara SECL Colony, Chhal - CECB']"
Balasore,['site_5937'],"['Kalidaspur, Balasore - OSPCB']"
Muzaffarnagar,['site_1550'],"['New Mandi, Muzaffarnagar - UPPCB']"
Noida,"['site_153', 'site_111', 'site_5123', 'site_5122']","['Sector - 125, Noida - UPPCB', 'Sector - 62, Noida - IMD', 'Sector-1, Noida - UPPCB', 'Sector-116, Noida - UPPCB']"
Begusarai,['site_5540'],"['DRCC Anandpur, Begusarai - BSPCB']"
Khurja,['site_5603'],"['Kalindi Kunj, Khurja - UPPCB']"
Rohtak,['site_147'],"['MD University, Rohtak - HSPCB']"
Amaravati,['site_1406'],"['Secretariat, Amaravati - APPCB']"
Kishanganj,['site_5547'],"['SDM Office_Khagra, Kishanganj - BSPCB']"
Rajgir,['site_5489'],"['Dangi Tola, Rajgir - BSPCB']"
Mandi Gobindgarh,['site_255'],"['RIMT University, Mandi Gobindgarh - PPCB']"
Eloor,['site_5105'],"['Udyogamandal, Eloor - Kerala PCB']"
Gandhinagar,"['site_5458', 'site_5457', 'site_5066']","['GIFT City, Gandhinagar - IITM', 'IIPHG Lekawada, Gandhinagar - IITM', 'Sector-10, Gandhinagar - GPCB']"
Patiala,['site_1437'],"['Model Town, Patiala - PPCB']"
Chamarajanagar,['site_5124'],"['Urban, Chamarajanagar - KSPCB']"
Kochi,['site_5270'],"['Vyttila, Kochi - Kerala PCB']"
Ratlam,['site_5042'],"['Shasthri Nagar, Ratlam - IPCA Lab']"
Bhiwani,['site_5047'],"['H.B. Colony, Bhiwani - HSPCB']"
Davanagere,['site_5422'],"['Devaraj Urs Badavane, Davanagere - KSPCB']"
Koppal,['site_5415'],"['Diwator Nagar, Koppal - KSPCB']"
Thrissur,['site_5390'],"['Corporation Ground, Thrissur - Kerala PCB']"
Gorakhpur,['site_5472'],"['Madan Mohan Malaviya University of Technology, Gorakhpur - UPPCB']"
Singrauli,['site_1401'],"['Suryakiran Bhawan NCL, Singrauli - MPPCB']"
Chikkaballapur,['site_1557'],"['Chikkaballapur Rural, Chikkaballapur - KSPCB']"
Rupnagar,['site_1538'],"['Ratanpura, Rupnagar - Ambuja Cements']"
Naharlagun,['site_5446'],"['Naharlagun, Naharlagun - APSPCB']"
Fatehabad,['site_5054'],"['Huda Sector, Fatehabad - HSPCB']"
Chengalpattu,['site_5605'],"['Crescent University, Chengalpattu - TNPCB']"
Ooty,['site_5624'],"['Bombay Castel, Ooty - TNPCB']"
Nayagarh,['site_5674'],"['Dabuna, Nayagarh - OSPCB']"
Kadapa,['site_5693'],"['Yerramukkapalli, Kadapa - APPCB']"
Baghpat,"['site_1569', 'site_5585']","['New Collectorate, Baghpat - UPPCB', 'Sardar Patel Inter College, Baghpat - UPPCB']"
Nagaon,['site_5706'],"['Christianpatty, Nagaon - PCBA']"
Dausa,['site_5713'],"['Khatikan Mohalla, Dausa - RSPCB']"
Rajsamand,['site_5718'],"['Dhoinda, Rajsamand - RSPCB']"
Bhilwara,['site_5770'],"['Pratap Nagar, Bhilwara - RSPCB']"
Baran,['site_5775'],"['Bamboliya, Baran - RSPCB']"
Amravati,"['site_5786', 'site_5787']","['Shivneri Colony, Amravati - MPCB', 'Shri Shivaji Science College, Amaravati - MPCB']"
Parbhani,['site_5794'],"['Masoom Colony, Parbhani - MPCB']"
Malegaon,['site_5802'],"['Mahesh Nagar, Malegaon - MPCB']"
Asansol,['site_1418'],"['Asansol Court Area, Asansol - WBPCB']"
Imphal,"['site_5592', 'site_5591']","['DM College of Science, Imphal - Manipur PCB', 'Manipur University, Imphal - Manipur PCB']"
Angul,['site_5939'],"['Hakimapada, Angul - OSPCB']"
Cuttack,['site_5941'],"['CDA Area, Cuttack - OSPCB']"
Hapur,['site_5023'],"['Anand Vihar, Hapur - UPPCB']"
Darbhanga,['site_5477'],"['Town Hall - Lal Bagh, Darbhanga - BSPCB']"
Hosur,['site_5612'],"['SIPCOT Phase-1, Hosur - TNPCB']"
Panchkula,['site_161'],"['Sector-6, Panchkula - HSPCB ']"
Buxar,['site_5542'],"['Charitra Van, Buxar - BSPCB (Formerly known as Central Jail)']"
Ankleshwar,['site_5065'],"['GIDC, Ankleshwar - GPCB']"
Vijayapura,['site_5267'],"['Ibrahimpur, Vijayapura - KSPCB']"
Ajmer,['site_1392'],"['Civil Lines,  Ajmer - RSPCB']"
Udaipur,['site_1397'],"['Ashok Nagar, Udaipur - RSPCB']"
Katni,['site_5250'],"['Gole Bazar, Katni - MPPCB']"
Ramanagara,['site_5255'],"['Vijay Nagar, Ramanagara - KSPCB']"
Kaithal,['site_5072'],"['Rishi Nagar, Kaithal - HSPCB']"
Kohima,['site_5375'],"['PWD Juction, Kohima - NPCB']"
Mangalore,['site_5421'],"['Kadri, Mangalore - KSPCB']"
Raichur,['site_5414'],"['Haji Colony, Raichur - KSPCB']"
Udupi,['site_5433'],"['Brahmagiri, Udupi - KSPCB']"
Gadag,['site_5419'],"['Panchal Nagar, Gadag - KSPCB']"
Manesar,['site_5039'],"['Sector-2 IMT, Manesar - HSPCB']"
Bettiah,['site_5476'],"['Kamalnath Nagar, Bettiah - BSPCB']"
Vrindavan,['site_5483'],"['Omex Eternity, Vrindavan - UPPCB']"
Bathinda,['site_1549'],"['Hardev Nagar, Bathinda - PPCB']"
Munger,['site_5490'],"['Town Hall, Munger - BSPCB']"
Siwan,['site_5553'],"['Chitragupta Nagar, Siwan - BSPCB']"
Katihar,['site_5546'],"['Mirchaibari, Katihar - BSPCB']"
Khanna,['site_1450'],"['Kalal Majra, Khanna - PPCB']"
Araria,['site_5539'],"['Kharahiya Basti, Araria - BSPCB']"
Kolar,['site_1551'],"['Tamaka Ind. Area, Kolar - KSPCB']"
Ballabgarh,['site_5060'],"['Nathu Colony, Ballabgarh - HSPCB']"
Yamuna Nagar,['site_5046'],"['Gobind Pura, Yamuna Nagar - HSPCB']"
Bilaspur,['site_5503'],"['Mangala, Bilaspur - NTPC']"
Bileipada,['site_5673'],"['Tata Township, Bileipada - OSPCB']"
Tumidih,['site_5692'],"['OP Jindal Industrial Park, Tumidih - CECB']"
Dholpur,['site_5700'],"['Raja Ganj, Dholpur - RSPCB']"
Sirohi,['site_5705'],"['Vedhaynath Colony, Sirohi - RSPCB']"
Chittorgarh,['site_5712'],"['Shastri Nagar, Chittorgarh - RSPCB']"
Jhunjhunu,['site_5717'],"['Indra Nagar, Jhunjhunu - RSPCB']"
Jhalawar,['site_5724'],"['Rajlaxmi Nagar, Jhalawar - RSPCB']"
Hajipur,['site_5337'],"['Industrial Area, Hajipur - BSPCB']"
Sangli,['site_5774'],"['Vijay Nagar, Sangli - MPCB']"
Badlapur,['site_5798'],"['Katrap, Badlapur - MPCB']"
Dhule,['site_5801'],"['Deopur, Dhule - MPCB']"
Mira-Bhayandar,['site_5806'],"['Bhayandar West, Mira-Bhayandar - MPCB']"
Haldia,['site_300'],"['Priyambada Housing Estate, Haldia - WBPCB']"
Jalore,['site_5851'],"['Mudtra Sili, Jalore - RSPCB']"
Ujjain,['site_1400'],"['Mahakaleshwar Temple, Ujjain - MPPCB']"
Barbil,['site_5938'],"['Forest Office, Barbil - OSPCB']"
Nandesari,['site_5274'],"['GIDC, Nandesari - Nandesari Ind. Association']"
Bhiwandi,['site_5813'],"['Gokul Nagar, Bhiwandi - MPCB']"
Jorapokhar,['site_254'],"['Tata Stadium, Jorapokhar - JSPCB']"
Pathardih,['site_5832'],"['Mohalbani Ghat, Pathardih - DMC']"
Narnaul,['site_5053'],"['Shastri Nagar, Narnaul - HSPCB']"
Sonipat,['site_5041'],"['Murthal, Sonipat - HSPCB']"
Tiruchirappalli,['site_5630'],"['St Joseph College, Tiruchirappalli - TNPCB']"
